size,threads,runtime,runtimesd,energy,energysd
10000,8,0.05874969,0.00026842,1.78606033,0.05762908
10000,12,0.03927762,0.00027273,1.59929514,0.03312388
10000,16,0.02964175,0.00275930,1.52511179,0.10206204
25000,8,0.00002180,0.00000159,0.00180266,0.00660177
25000,12,0.00000703,0.00000007,0.00048523,0.00393251
25000,16,0.00003396,0.00040214,0.00164947,0.01561944
